<?xml version="1.0" encoding="UTF-8"?>
<!DOCTYPE mapper PUBLIC "-//mybatis.org//DTD Mapper 3.0//EN" 
	"http://mybatis.org/dtd/mybatis-3-mapper.dtd">
<mapper namespace="com.dbsun.mapper.MenuMapper">

	<resultMap type="Menu" id="menuResultMap">
		<id column="MENU_ID" property="MENU_ID"/>
		<result column="MENU_NAME" property="MENU_NAME"/>
		<result column="MENU_URL" property="MENU_URL"/>
		<result column="PARENT_ID" property="PARENT_ID"/>
		<result column="MENU_ORDER" property="MENU_ORDER"/>
		<result column="MENU_ICON" property="MENU_ICON"/>
		<result column="MENU_TYPE" property="MENU_TYPE"/>
	</resultMap>
	
	<!-- ztree -->
	<resultMap type="Menu" id="menuZtreeResultMap">
	<id column="MENU_ID" property="MENU_ID"/>
	<result column="MENU_NAME" property="MENU_NAME"/>
	<result column="MENU_URL" property="MENU_URL"/>
	<result column="PARENT_ID" property="PARENT_ID"/>
	<result column="MENU_ORDER" property="MENU_ORDER"/>
	<result column="MENU_ICON" property="MENU_ICON"/>
	<result column="MENU_TYPE" property="MENU_TYPE"/>
	<result column="target" property="target"></result>
</resultMap>

	<select id="findMaxId" parameterType="pd" resultType="pd">
		select MAX(MENU_ID) MID FROM SYS_MENU
	</select>
	
	<select id="listAllParentMenu" resultMap="menuResultMap">
		select * from SYS_MENU 
		where PARENT_ID = '0' order by MENU_ORDER 
	</select>
	
	<select id="listSubMenuByParentId" parameterType="String" resultMap="menuResultMap">
		select  * from SYS_MENU
		where PARENT_ID = #{parentId} order by MENU_ORDER 
	</select>
		
	<select id="getMenuById" parameterType="pd" resultType="pd">
		select  MENU_ID,
		 		MENU_NAME,
		 		MENU_URL,
		 		PARENT_ID,
		 		MENU_ORDER,
		 		MENU_TYPE
		 from SYS_MENU 
		 where MENU_ID=#{MENU_ID}
	</select>
	<!-- 获取所有菜单数据 需要分页 -->
	<select id="getPageMenuByAll" parameterType="page"  resultType="pd">
		select  MENU_ID,
		 		MENU_NAME,
		 		MENU_URL,
		 		PARENT_ID,
		 		MENU_ORDER,
		 		MENU_TYPE
		 from SYS_MENU m
		 where 1=1
		 <if test="pd.seachVal != null and pd.seachVal !=''">
			and m.MENU_NAME LIKE CONCAT('%',#{pd.seachVal},'%')
		</if>
	</select>
	
	<!-- 获取所有菜单数据 无分页 -->
	<select id="getByMenuAllnoPage"  resultMap="menuResultMap">
		select  MENU_ID,
		 		MENU_NAME,
		 		MENU_URL,
		 		PARENT_ID,
		 		MENU_ORDER,
		 		MENU_TYPE
		 from SYS_MENU m
		 where 1=1
	</select>
	
	<insert id="addMenu" parameterType="Menu">
		insert into SYS_MENU (
			MENU_ID,
			MENU_NAME,
			MENU_URL,
			PARENT_ID,
			MENU_ORDER,
			MENU_TYPE
		) values (
			#{MENU_ID},
			#{MENU_NAME},
			#{MENU_URL},
			#{PARENT_ID},
			#{MENU_ORDER},
			#{MENU_TYPE}
		)
	</insert>
	
	<update id="updateMenu" parameterType="Menu">
		update SYS_MENU set 
			MENU_NAME =#{MENU_NAME},
			MENU_URL  =#{MENU_URL} ,
			PARENT_ID =#{PARENT_ID},
			MENU_ORDER=#{MENU_ORDER},
			MENU_TYPE =#{MENU_TYPE}
		where 
			MENU_ID=#{MENU_ID}
	</update>
	
	<update id="editicon" parameterType="Menu">
		update SYS_MENU set 
			MENU_ICON=#{MENU_ICON}
		where MENU_ID=#{MENU_ID}
	</update>
	
	<update id="editType" parameterType="Menu">
		update SYS_MENU set 
			MENU_TYPE=#{MENU_TYPE}
		where PARENT_ID=#{MENU_ID}
	</update>
	
	<delete id="deleteMenuById">
		delete from SYS_MENU 
		where MENU_ID in (
		<foreach collection="array" item="item" index="index" separator=","> 
                #{item}
    	</foreach>
    	) 
	</delete>
</mapper>