<?xml version="1.0" encoding="UTF-8"?>
<!DOCTYPE mapper PUBLIC "-//mybatis.org//DTD Mapper 3.0//EN" 
	"http://mybatis.org/dtd/mybatis-3-mapper.dtd">
<mapper namespace="com.dbsun.mapper.com.BridgeDetectionMapper">
	<!--桥梁检测-->

	<sql id="Base_Column_List" >
        bd.id, 
        bd.content, 
        bd.detection_status, 
        bd.detection_user_id, 
        bd.detection_user_name, 
        bd.create_time, 
        bd.user_id
    </sql>

	<sql id="Base_Column_List_1" >
        bd.id bd_id, 
        bd.content bd_content, 
        bd.detection_status bd_detection_status, 
        bd.detection_user_id bd_detection_user_id, 
        bd.detection_user_name bd_detection_user_name, 
        bd.create_time bd_create_time, 
        bd.user_id bd_user_id
    </sql>

    <select id="getBridgeDetectionByColumn" parameterType="pd" resultType="pd"  >
        select 
            <include refid="Base_Column_List" />
        from bridge_detection bd
        where 1 = 1
        <if test="id != null" >
            and bd.id = #{id} 
        </if>
        <if test="content != null" >
            and bd.content = #{content} 
        </if>
        <if test="detection_status != null" >
            and bd.detection_status = #{detection_status} 
        </if>
        <if test="detection_user_id != null" >
            and bd.detection_user_id = #{detection_user_id} 
        </if>
        <if test="detection_user_name != null" >
            and bd.detection_user_name = #{detection_user_name} 
        </if>
        <if test="create_time != null" >
            and bd.create_time = #{create_time} 
        </if>
        <if test="user_id != null" >
            and bd.user_id = #{user_id} 
        </if>
    </select>

    <delete id="deleteBridgeDetectionByColumn" parameterType="pd" >
        delete from bridge_detection
        where 1 = 1
        <if test="id != null and id != ''" >
            and id = #{id} 
        </if>
        <if test="content != null and content != ''" >
            and content = #{content} 
        </if>
        <if test="detection_status != null and detection_status != ''" >
            and detection_status = #{detection_status} 
        </if>
        <if test="detection_user_id != null and detection_user_id != ''" >
            and detection_user_id = #{detection_user_id} 
        </if>
        <if test="detection_user_name != null and detection_user_name != ''" >
            and detection_user_name = #{detection_user_name} 
        </if>
        <if test="create_time != null and create_time != ''" >
            and create_time = #{create_time} 
        </if>
        <if test="user_id != null and user_id != ''" >
            and user_id = #{user_id} 
        </if>
    </delete>

    <insert id="addBridgeDetection" parameterType="pd" >
        insert into bridge_detection (
            content, 
            detection_status, 
            detection_user_id, 
            detection_user_name, 
            create_time, 
            user_id
        )
        values (
            #{content}, 
            #{detection_status}, 
            #{detection_user_id}, 
            #{detection_user_name}, 
            now(), 
            #{user_id}
        )
    </insert>

    <insert id="addBridgeDetectionSelective" parameterType="pd" >
        insert into bridge_detection
        <trim prefix="(" suffix=")" suffixOverrides="," >
            <if test="id != null and id != ''" >
                id, 
            </if>
            <if test="content != null and content != ''" >
                content, 
            </if>
            <if test="detection_status != null and detection_status != ''" >
                detection_status, 
            </if>
            <if test="detection_user_id != null and detection_user_id != ''" >
                detection_user_id, 
            </if>
            <if test="detection_user_name != null and detection_user_name != ''" >
                detection_user_name, 
            </if>
            <if test="create_time != null and create_time != ''" >
                create_time, 
            </if>
            <if test="user_id != null and user_id != ''" >
                user_id, 
            </if>
        </trim>
        <trim prefix="values (" suffix=")" suffixOverrides="," >
            <if test=" id != null and id != ''" >
                #{id}, 
            </if>
            <if test=" content != null and content != ''" >
                #{content}, 
            </if>
            <if test=" detection_status != null and detection_status != ''" >
                #{detection_status}, 
            </if>
            <if test=" detection_user_id != null and detection_user_id != ''" >
                #{detection_user_id}, 
            </if>
            <if test=" detection_user_name != null and detection_user_name != ''" >
                #{detection_user_name}, 
            </if>
            <if test=" create_time != null and create_time != ''" >
                #{create_time}, 
            </if>
            <if test=" user_id != null and user_id != ''" >
                #{user_id}, 
            </if>
        </trim>
    </insert>

	<!--循环批量插入-->
	<insert id="addBridgeDetectionBatch" parameterType="pd" >
		insert into bridge_detection (
			id, 
			content, 
			detection_status, 
			detection_user_id, 
			detection_user_name, 
			create_time, 
			user_id
		)
		values
		<foreach collection="list" item="item" index="index" separator=",">
			(
				(select REPLACE(uuid(), '-', '')),
				#{item.content}, 
				#{item.detection_status}, 
				#{item.detection_user_id}, 
				#{item.detection_user_name}, 
				#{item.create_time}, 
				#{item.user_id}
			)
		</foreach>
	</insert>

    <update id="updateBridgeDetectionByid" parameterType="pd" >
        update bridge_detection
        <set>
            <if test="content != null and content != '' " >
               content = #{content}, 
            </if>
            <if test="detection_status != null and detection_status != '' " >
               detection_status = #{detection_status}, 
            </if>
            <if test="detection_user_id != null and detection_user_id != '' " >
               detection_user_id = #{detection_user_id}, 
            </if>
            <if test="detection_user_name != null and detection_user_name != '' " >
               detection_user_name = #{detection_user_name}, 
            </if>
            <if test="create_time != null and create_time != '' " >
               create_time = #{create_time}, 
            </if>
            <if test="user_id != null and user_id != '' " >
               user_id = #{user_id}, 
            </if>
        </set>
        where id = #{id}
    </update>

    <update id="updateBridgeDetectionByColumn" parameterType="pd" >
        update bridge_detection
        <set>
            <if test="content != null and content != '' " >
               content = #{content}, 
            </if>
            <if test="detection_status != null and detection_status != '' " >
               detection_status = #{detection_status}, 
            </if>
            <if test="detection_user_id != null and detection_user_id != '' " >
               detection_user_id = #{detection_user_id}, 
            </if>
            <if test="detection_user_name != null and detection_user_name != '' " >
               detection_user_name = #{detection_user_name}, 
            </if>
            <if test="create_time != null and create_time != '' " >
               create_time = #{create_time}, 
            </if>
            <if test="user_id != null and user_id != '' " >
               user_id = #{user_id}, 
            </if>
        </set>
       where 1 = 1 
       <if test="id_Q != null and id_Q != '' " >
            and id = #{id_Q} 
       </if>
       <if test="content_Q != null and content_Q != '' " >
            and content = #{content_Q} 
       </if>
       <if test="detection_status_Q != null and detection_status_Q != '' " >
            and detection_status = #{detection_status_Q} 
       </if>
       <if test="detection_user_id_Q != null and detection_user_id_Q != '' " >
            and detection_user_id = #{detection_user_id_Q} 
       </if>
       <if test="detection_user_name_Q != null and detection_user_name_Q != '' " >
            and detection_user_name = #{detection_user_name_Q} 
       </if>
       <if test="create_time_Q != null and create_time_Q != '' " >
            and create_time = #{create_time_Q} 
       </if>
       <if test="user_id_Q != null and user_id_Q != '' " >
            and user_id = #{user_id_Q} 
       </if>
    </update>

    <select id="getPageBridgeDetectionList" parameterType="page" resultType="pd" useCache="false">
        SELECT
            <include refid="Base_Column_List" />
        FROM bridge_detection bd
        where 1 = 1
        <if test="pd.id != null and pd.id != ''" >
            and bd.id = #{pd.id} 
        </if>
        <if test="pd.content != null and pd.content != ''" >
            and bd.content = #{pd.content} 
        </if>
        <if test="pd.detection_status != null and pd.detection_status != ''" >
            and bd.detection_status = #{pd.detection_status} 
        </if>
        <if test="pd.detection_user_id != null and pd.detection_user_id != ''" >
            and bd.detection_user_id = #{pd.detection_user_id} 
        </if>
        <if test="pd.detection_user_name != null and pd.detection_user_name != ''" >
            and bd.detection_user_name = #{pd.detection_user_name} 
        </if>
        <if test="pd.create_time != null and pd.create_time != ''" >
            and bd.create_time = #{pd.create_time} 
        </if>
        <if test="pd.user_id != null and pd.user_id != ''" >
            and bd.user_id = #{pd.user_id} 
        </if>
    </select>

    <select id="getBridgeDetectionList" parameterType="pd" resultType="pd" useCache="false">
        SELECT
            <include refid="Base_Column_List" />
        FROM bridge_detection bd
        where 1 = 1
        <if test="id != null and id != ''" >
            and bd.id = #{id} 
        </if>
        <if test="content != null and content != ''" >
            and bd.content = #{content} 
        </if>
        <if test="detection_status != null and detection_status != ''" >
            and bd.detection_status = #{detection_status} 
        </if>
        <if test="detection_user_id != null and detection_user_id != ''" >
            and bd.detection_user_id = #{detection_user_id} 
        </if>
        <if test="detection_user_name != null and detection_user_name != ''" >
            and bd.detection_user_name = #{detection_user_name} 
        </if>
        <if test="create_time != null and create_time != ''" >
            and bd.create_time = #{create_time} 
        </if>
        <if test="user_id != null and user_id != ''" >
            and bd.user_id = #{user_id} 
        </if>
    </select>

    <!--<update id="updateBridgeDetectionBatch" parameterType="pd" >
		<foreach close=";" collection="list" index="index" item="item" open="" separator=";">
			update bridge_detection
			<trim prefix="set" suffixOverrides=",">
				<if test="item.content != null and item.content != '' " >
					content = #{item.content}, 
				</if>
				<if test="item.detection_status != null and item.detection_status != '' " >
					detection_status = #{item.detection_status}, 
				</if>
				<if test="item.detection_user_id != null and item.detection_user_id != '' " >
					detection_user_id = #{item.detection_user_id}, 
				</if>
				<if test="item.detection_user_name != null and item.detection_user_name != '' " >
					detection_user_name = #{item.detection_user_name}, 
				</if>
				<if test="item.create_time != null and item.create_time != '' " >
					create_time = #{item.create_time}, 
				</if>
				<if test="item.user_id != null and item.user_id != '' " >
					user_id = #{item.user_id}, 
				</if>
			</trim>
			where 1 = 1 
			<if test="item.id_Q != null and item.id_Q != '' " >
				and id = #{item.id_Q} 
			</if>
			<if test="item.content_Q != null and item.content_Q != '' " >
				and content = #{item.content_Q} 
			</if>
			<if test="item.detection_status_Q != null and item.detection_status_Q != '' " >
				and detection_status = #{item.detection_status_Q} 
			</if>
			<if test="item.detection_user_id_Q != null and item.detection_user_id_Q != '' " >
				and detection_user_id = #{item.detection_user_id_Q} 
			</if>
			<if test="item.detection_user_name_Q != null and item.detection_user_name_Q != '' " >
				and detection_user_name = #{item.detection_user_name_Q} 
			</if>
			<if test="item.create_time_Q != null and item.create_time_Q != '' " >
				and create_time = #{item.create_time_Q} 
			</if>
			<if test="item.user_id_Q != null and item.user_id_Q != '' " >
				and user_id = #{item.user_id_Q} 
			</if>
		</foreach>
    </update>-->
</mapper>