<?xml version="1.0" encoding="UTF-8"?>
<!DOCTYPE mapper PUBLIC "-//mybatis.org//DTD Mapper 3.0//EN" 
	"http://mybatis.org/dtd/mybatis-3-mapper.dtd">
<mapper namespace="com.dbsun.mapper.com.EngineeringMaterialsMapper">
	<!--工程材料-->

	<sql id="Base_Column_List" >
        em.id, 
        em.content, 
        em.detection_status, 
        em.detection_user_id, 
        em.detection_user_name, 
        em.type, 
        em.create_time, 
        em.user_id
    </sql>

	<sql id="Base_Column_List_1" >
        em.id em_id, 
        em.content em_content, 
        em.detection_status em_detection_status, 
        em.detection_user_id em_detection_user_id, 
        em.detection_user_name em_detection_user_name, 
        em.type em_type, 
        em.create_time em_create_time, 
        em.user_id em_user_id
    </sql>

    <select id="getEngineeringMaterialsByColumn" parameterType="pd" resultType="pd"  >
        select 
            <include refid="Base_Column_List" />
        from engineering_materials em
        where 1 = 1
        <if test="id != null" >
            and em.id = #{id} 
        </if>
        <if test="content != null" >
            and em.content = #{content} 
        </if>
        <if test="detection_status != null" >
            and em.detection_status = #{detection_status} 
        </if>
        <if test="detection_user_id != null" >
            and em.detection_user_id = #{detection_user_id} 
        </if>
        <if test="detection_user_name != null" >
            and em.detection_user_name = #{detection_user_name} 
        </if>
        <if test="type != null" >
            and em.type = #{type} 
        </if>
        <if test="create_time != null" >
            and em.create_time = #{create_time} 
        </if>
        <if test="user_id != null" >
            and em.user_id = #{user_id} 
        </if>
    </select>

    <delete id="deleteEngineeringMaterialsByColumn" parameterType="pd" >
        delete from engineering_materials
        where 1 = 1
        <if test="id != null and id != ''" >
            and id = #{id} 
        </if>
        <if test="content != null and content != ''" >
            and content = #{content} 
        </if>
        <if test="detection_status != null and detection_status != ''" >
            and detection_status = #{detection_status} 
        </if>
        <if test="detection_user_id != null and detection_user_id != ''" >
            and detection_user_id = #{detection_user_id} 
        </if>
        <if test="detection_user_name != null and detection_user_name != ''" >
            and detection_user_name = #{detection_user_name} 
        </if>
        <if test="type != null and type != ''" >
            and type = #{type} 
        </if>
        <if test="create_time != null and create_time != ''" >
            and create_time = #{create_time} 
        </if>
        <if test="user_id != null and user_id != ''" >
            and user_id = #{user_id} 
        </if>
    </delete>

    <insert id="addEngineeringMaterials" parameterType="pd" >
        insert into engineering_materials (
            content, 
            detection_status, 
            detection_user_id, 
            detection_user_name, 
            type, 
            create_time, 
            user_id
        )
        values (
            #{content}, 
            #{detection_status}, 
            #{detection_user_id}, 
            #{detection_user_name}, 
            #{type}, 
            now(), 
            #{user_id}
        )
    </insert>

    <insert id="addEngineeringMaterialsSelective" parameterType="pd" >
        insert into engineering_materials
        <trim prefix="(" suffix=")" suffixOverrides="," >
            <if test="id != null and id != ''" >
                id, 
            </if>
            <if test="content != null and content != ''" >
                content, 
            </if>
            <if test="detection_status != null and detection_status != ''" >
                detection_status, 
            </if>
            <if test="detection_user_id != null and detection_user_id != ''" >
                detection_user_id, 
            </if>
            <if test="detection_user_name != null and detection_user_name != ''" >
                detection_user_name, 
            </if>
            <if test="type != null and type != ''" >
                type, 
            </if>
            <if test="create_time != null and create_time != ''" >
                create_time, 
            </if>
            <if test="user_id != null and user_id != ''" >
                user_id, 
            </if>
        </trim>
        <trim prefix="values (" suffix=")" suffixOverrides="," >
            <if test=" id != null and id != ''" >
                #{id}, 
            </if>
            <if test=" content != null and content != ''" >
                #{content}, 
            </if>
            <if test=" detection_status != null and detection_status != ''" >
                #{detection_status}, 
            </if>
            <if test=" detection_user_id != null and detection_user_id != ''" >
                #{detection_user_id}, 
            </if>
            <if test=" detection_user_name != null and detection_user_name != ''" >
                #{detection_user_name}, 
            </if>
            <if test=" type != null and type != ''" >
                #{type}, 
            </if>
            <if test=" create_time != null and create_time != ''" >
                #{create_time}, 
            </if>
            <if test=" user_id != null and user_id != ''" >
                #{user_id}, 
            </if>
        </trim>
    </insert>

	<!--循环批量插入-->
	<insert id="addEngineeringMaterialsBatch" parameterType="pd" >
		insert into engineering_materials (
			id, 
			content, 
			detection_status, 
			detection_user_id, 
			detection_user_name, 
			type, 
			create_time, 
			user_id
		)
		values
		<foreach collection="list" item="item" index="index" separator=",">
			(
				(select REPLACE(uuid(), '-', '')),
				#{item.content}, 
				#{item.detection_status}, 
				#{item.detection_user_id}, 
				#{item.detection_user_name}, 
				#{item.type}, 
				#{item.create_time}, 
				#{item.user_id}
			)
		</foreach>
	</insert>

    <update id="updateEngineeringMaterialsByid" parameterType="pd" >
        update engineering_materials
        <set>
            <if test="content != null and content != '' " >
               content = #{content}, 
            </if>
            <if test="detection_status != null and detection_status != '' " >
               detection_status = #{detection_status}, 
            </if>
            <if test="detection_user_id != null and detection_user_id != '' " >
               detection_user_id = #{detection_user_id}, 
            </if>
            <if test="detection_user_name != null and detection_user_name != '' " >
               detection_user_name = #{detection_user_name}, 
            </if>
            <if test="type != null and type != '' " >
               type = #{type}, 
            </if>
            <if test="create_time != null and create_time != '' " >
               create_time = #{create_time}, 
            </if>
            <if test="user_id != null and user_id != '' " >
               user_id = #{user_id}, 
            </if>
        </set>
        where id = #{id}
    </update>

    <update id="updateEngineeringMaterialsByColumn" parameterType="pd" >
        update engineering_materials
        <set>
            <if test="content != null and content != '' " >
               content = #{content}, 
            </if>
            <if test="detection_status != null and detection_status != '' " >
               detection_status = #{detection_status}, 
            </if>
            <if test="detection_user_id != null and detection_user_id != '' " >
               detection_user_id = #{detection_user_id}, 
            </if>
            <if test="detection_user_name != null and detection_user_name != '' " >
               detection_user_name = #{detection_user_name}, 
            </if>
            <if test="type != null and type != '' " >
               type = #{type}, 
            </if>
            <if test="create_time != null and create_time != '' " >
               create_time = #{create_time}, 
            </if>
            <if test="user_id != null and user_id != '' " >
               user_id = #{user_id}, 
            </if>
        </set>
       where 1 = 1 
       <if test="id_Q != null and id_Q != '' " >
            and id = #{id_Q} 
       </if>
       <if test="content_Q != null and content_Q != '' " >
            and content = #{content_Q} 
       </if>
       <if test="detection_status_Q != null and detection_status_Q != '' " >
            and detection_status = #{detection_status_Q} 
       </if>
       <if test="detection_user_id_Q != null and detection_user_id_Q != '' " >
            and detection_user_id = #{detection_user_id_Q} 
       </if>
       <if test="detection_user_name_Q != null and detection_user_name_Q != '' " >
            and detection_user_name = #{detection_user_name_Q} 
       </if>
       <if test="type_Q != null and type_Q != '' " >
            and type = #{type_Q} 
       </if>
       <if test="create_time_Q != null and create_time_Q != '' " >
            and create_time = #{create_time_Q} 
       </if>
       <if test="user_id_Q != null and user_id_Q != '' " >
            and user_id = #{user_id_Q} 
       </if>
    </update>

    <select id="getPageEngineeringMaterialsList" parameterType="page" resultType="pd" useCache="false">
        SELECT
            <include refid="Base_Column_List" />
        FROM engineering_materials em
        where 1 = 1
        <if test="pd.id != null and pd.id != ''" >
            and em.id = #{pd.id} 
        </if>
        <if test="pd.content != null and pd.content != ''" >
            and em.content = #{pd.content} 
        </if>
        <if test="pd.detection_status != null and pd.detection_status != ''" >
            and em.detection_status = #{pd.detection_status} 
        </if>
        <if test="pd.detection_user_id != null and pd.detection_user_id != ''" >
            and em.detection_user_id = #{pd.detection_user_id} 
        </if>
        <if test="pd.detection_user_name != null and pd.detection_user_name != ''" >
            and em.detection_user_name = #{pd.detection_user_name} 
        </if>
        <if test="pd.type != null and pd.type != ''" >
            and em.type = #{pd.type} 
        </if>
        <if test="pd.create_time != null and pd.create_time != ''" >
            and em.create_time = #{pd.create_time} 
        </if>
        <if test="pd.user_id != null and pd.user_id != ''" >
            and em.user_id = #{pd.user_id} 
        </if>
    </select>

    <select id="getEngineeringMaterialsList" parameterType="pd" resultType="pd" useCache="false">
        SELECT
            <include refid="Base_Column_List" />
        FROM engineering_materials em
        where 1 = 1
        <if test="id != null and id != ''" >
            and em.id = #{id} 
        </if>
        <if test="content != null and content != ''" >
            and em.content = #{content} 
        </if>
        <if test="detection_status != null and detection_status != ''" >
            and em.detection_status = #{detection_status} 
        </if>
        <if test="detection_user_id != null and detection_user_id != ''" >
            and em.detection_user_id = #{detection_user_id} 
        </if>
        <if test="detection_user_name != null and detection_user_name != ''" >
            and em.detection_user_name = #{detection_user_name} 
        </if>
        <if test="type != null and type != ''" >
            and em.type = #{type} 
        </if>
        <if test="create_time != null and create_time != ''" >
            and em.create_time = #{create_time} 
        </if>
        <if test="user_id != null and user_id != ''" >
            and em.user_id = #{user_id} 
        </if>
    </select>

    <!--<update id="updateEngineeringMaterialsBatch" parameterType="pd" >
		<foreach close=";" collection="list" index="index" item="item" open="" separator=";">
			update engineering_materials
			<trim prefix="set" suffixOverrides=",">
				<if test="item.content != null and item.content != '' " >
					content = #{item.content}, 
				</if>
				<if test="item.detection_status != null and item.detection_status != '' " >
					detection_status = #{item.detection_status}, 
				</if>
				<if test="item.detection_user_id != null and item.detection_user_id != '' " >
					detection_user_id = #{item.detection_user_id}, 
				</if>
				<if test="item.detection_user_name != null and item.detection_user_name != '' " >
					detection_user_name = #{item.detection_user_name}, 
				</if>
				<if test="item.type != null and item.type != '' " >
					type = #{item.type}, 
				</if>
				<if test="item.create_time != null and item.create_time != '' " >
					create_time = #{item.create_time}, 
				</if>
				<if test="item.user_id != null and item.user_id != '' " >
					user_id = #{item.user_id}, 
				</if>
			</trim>
			where 1 = 1 
			<if test="item.id_Q != null and item.id_Q != '' " >
				and id = #{item.id_Q} 
			</if>
			<if test="item.content_Q != null and item.content_Q != '' " >
				and content = #{item.content_Q} 
			</if>
			<if test="item.detection_status_Q != null and item.detection_status_Q != '' " >
				and detection_status = #{item.detection_status_Q} 
			</if>
			<if test="item.detection_user_id_Q != null and item.detection_user_id_Q != '' " >
				and detection_user_id = #{item.detection_user_id_Q} 
			</if>
			<if test="item.detection_user_name_Q != null and item.detection_user_name_Q != '' " >
				and detection_user_name = #{item.detection_user_name_Q} 
			</if>
			<if test="item.type_Q != null and item.type_Q != '' " >
				and type = #{item.type_Q} 
			</if>
			<if test="item.create_time_Q != null and item.create_time_Q != '' " >
				and create_time = #{item.create_time_Q} 
			</if>
			<if test="item.user_id_Q != null and item.user_id_Q != '' " >
				and user_id = #{item.user_id_Q} 
			</if>
		</foreach>
    </update>-->
</mapper>